Date,Rainfall,Rain_3d_sum,Rain_5d_sum,Rain_7d_sum,Flood_Prob,Flood_Prob_%,Flood_Prob_Smoothed,Flood_Pred_Smoothed
2026-09-27,0.0,0.0,0.0,0.0,0.0,0.0,0.0,False
2026-09-28,2.3,2.3,2.3,2.3,0.0,0.0,0.0,False
2026-09-29,0.0,2.3,2.3,2.3,0.0,0.0,0.0,False
2026-09-30,0.0,2.3,2.3,2.3,0.0,0.0,0.0,False
2026-10-01,0.0,0.0,2.3,2.3,0.0,0.0,0.0,False
2026-10-02,0.0,0.0,2.3,2.3,0.0,0.0,0.0,False
2026-10-03,0.0,0.0,0.0,2.3,0.0,0.0,0.0,False
2026-10-04,0.0,0.0,0.0,2.3,0.0,0.0,0.0,False
2026-10-05,0.0,0.0,0.0,0.0,0.0,0.0,0.0,False
2026-10-06,0.02,0.02,0.02,0.02,0.0,0.0,0.0,False
2026-10-07,0.0,0.02,0.02,0.02,0.0,0.0,0.0,False
2026-10-08,0.0,0.02,0.02,0.02,0.0,0.0,0.0,False
